topic,url,thumb
店到店,https://www.dcard.tw/f/meme/p/239269160,0
隨便選一張,https://www.dcard.tw/f/meme/p/239269158,0
當BeBe變成DeDe，變成幸福的形狀了🙌,https://www.dcard.tw/f/meme/p/239268944,0
真是謝了 愛迪生,https://www.dcard.tw/f/meme/p/239268618,9
我今天網路用太多了…,https://www.dcard.tw/f/meme/p/239268268,0
夏天到了,https://www.dcard.tw/f/meme/p/239267875,0
度秒如年,https://www.dcard.tw/f/meme/p/239267872,1
蚊子,https://www.dcard.tw/f/meme/p/239267861,26
像家人一樣的遊戲隊友,https://www.dcard.tw/f/meme/p/239267392,13
四零四 - 殭屍展 - 持續創作求追蹤,https://www.dcard.tw/f/meme/p/239267357,6
店到店,https://www.dcard.tw/f/meme/p/239269160,0
隨便選一張,https://www.dcard.tw/f/meme/p/239269158,0
當BeBe變成DeDe，變成幸福的形狀了🙌,https://www.dcard.tw/f/meme/p/239268944,0
真是謝了 愛迪生,https://www.dcard.tw/f/meme/p/239268618,9
我今天網路用太多了…,https://www.dcard.tw/f/meme/p/239268268,0
夏天到了,https://www.dcard.tw/f/meme/p/239267875,0
度秒如年,https://www.dcard.tw/f/meme/p/239267872,1
蚊子,https://www.dcard.tw/f/meme/p/239267861,26
像家人一樣的遊戲隊友,https://www.dcard.tw/f/meme/p/239267392,13
四零四 - 殭屍展 - 持續創作求追蹤,https://www.dcard.tw/f/meme/p/239267357,6
店到店,https://www.dcard.tw/f/meme/p/239269160,0
隨便選一張,https://www.dcard.tw/f/meme/p/239269158,0
當BeBe變成DeDe，變成幸福的形狀了🙌,https://www.dcard.tw/f/meme/p/239268944,0
真是謝了 愛迪生,https://www.dcard.tw/f/meme/p/239268618,9
我今天網路用太多了…,https://www.dcard.tw/f/meme/p/239268268,0
夏天到了,https://www.dcard.tw/f/meme/p/239267875,0
度秒如年,https://www.dcard.tw/f/meme/p/239267872,1
蚊子,https://www.dcard.tw/f/meme/p/239267861,26
像家人一樣的遊戲隊友,https://www.dcard.tw/f/meme/p/239267392,13
四零四 - 殭屍展 - 持續創作求追蹤,https://www.dcard.tw/f/meme/p/239267357,6
